Photo URL,Photo Description,Post Text,Date
https://scontent.fyvr3-1.fna.fbcdn.net/v/t15.5256-10/461591043_1510354006352309_397647413124423635_n.jpg?stp=dst-jpg_s960x960&_nc_cat=105&ccb=1-7&_nc_sid=282d23&_nc_ohc=18lNRXgLu0sQ7kNvgGFVzFu&_nc_ht=scontent.fyvr3-1.fna&oh=00_AYB2mAN-W0KuYKxS8-Q7XVBrC4keuk__Xr5y2ZrSSEucZw&oe=66FFE843,,,
https://scontent.fyvr3-1.fna.fbcdn.net/v/t39.30808-6/461505766_1059426726189583_995478741885897219_n.jpg?stp=dst-jpg_s640x640&_nc_cat=106&ccb=1-7&_nc_sid=833d8c&_nc_ohc=j_ApkGcs8scQ7kNvgFe_q2l&_nc_ht=scontent.fyvr3-1.fna&_nc_gid=AWtCImJrNcJvQ7a9cJ_5mmf&oh=00_AYBlnBDtmKdnFsQy57BKKi-ezxsoNA16q2iO61udZp7HKQ&oe=670011C0,,,
https://scontent.fyvr3-1.fna.fbcdn.net/v/t39.30808-6/461344373_1059481969517392_5288323240593404684_n.jpg?stp=c100.0.600.600a_dst-jpg_s160x160&_nc_cat=109&ccb=1-7&_nc_sid=8a6525&_nc_ohc=2nGjOQE8ciMQ7kNvgFBVWQS&_nc_ht=scontent.fyvr3-1.fna&_nc_gid=ALtpMzx1KvC1BCNM71sLL48&oh=00_AYDsDIZj8Gxi0yhP64l8QYSruWsG8EHqA-grHytUX_x_Ow&oe=67000E85,,,
https://scontent.fyvr3-1.fna.fbcdn.net/v/t39.30808-6/461163451_1055432793255643_1037239142075587392_n.jpg?stp=c0.61.720.720a_dst-jpg_s160x160&_nc_cat=106&ccb=1-7&_nc_sid=8a6525&_nc_ohc=o0a2k7fzndcQ7kNvgEHHH8p&_nc_ht=scontent.fyvr3-1.fna&_nc_gid=ALtpMzx1KvC1BCNM71sLL48&oh=00_AYBcqK3KY5cigKbVFK0_sX7x1ZiLBw2B7VMd4X40oIU34Q&oe=66FFEB53,,,
https://scontent.fyvr3-1.fna.fbcdn.net/v/t39.30808-6/461344373_1059481969517392_5288323240593404684_n.jpg?stp=dst-jpg_s720x720&_nc_cat=109&ccb=1-7&_nc_sid=833d8c&_nc_ohc=2nGjOQE8ciMQ7kNvgFBVWQS&_nc_ht=scontent.fyvr3-1.fna&_nc_gid=AGkjOMJ0alDVne15F2ykBD1&oh=00_AYBw7EOBAZKnA_8sMwa6s22t8XLh0VxPWeX0m_IZ9_bMXg&oe=67000E85,,,
https://scontent.fyvr3-1.fna.fbcdn.net/v/t39.30808-6/461576415_1059426506189605_1124302540130954669_n.jpg?stp=c0.80.720.720a_dst-jpg_s160x160&_nc_cat=110&ccb=1-7&_nc_sid=8a6525&_nc_ohc=UnN8vJMVlYIQ7kNvgH4wjlc&_nc_ht=scontent.fyvr3-1.fna&_nc_gid=ALtpMzx1KvC1BCNM71sLL48&oh=00_AYBN9EnJuNLJi3vMngy-5Uf_f10GOLWcaY_O1RVnIwycsg&oe=66FFE6E8,,,
https://scontent.fyvr3-1.fna.fbcdn.net/v/t39.30808-6/461501617_1059565222842400_8866306924306443362_n.jpg?stp=c174.0.612.612a_dst-jpg_s160x160&_nc_cat=111&ccb=1-7&_nc_sid=8a6525&_nc_ohc=rTHpfz5-nfsQ7kNvgHDf5QW&_nc_ht=scontent.fyvr3-1.fna&_nc_gid=ALtpMzx1KvC1BCNM71sLL48&oh=00_AYAQ44HiUq4H5qGR7CD7gDv6ldmV43q1jaDffKepdfHyvA&oe=66FFF396,,,
https://scontent.fyvr3-1.fna.fbcdn.net/v/t39.30808-6/461113783_1055437773255145_7619507610340403963_n.jpg?stp=c7.0.154.154a_dst-jpg_p168x128&_nc_cat=101&ccb=1-7&_nc_sid=8a6525&_nc_ohc=Em3wJu61ecIQ7kNvgGrx3bM&_nc_ht=scontent.fyvr3-1.fna&_nc_gid=ALtpMzx1KvC1BCNM71sLL48&oh=00_AYBDIq354W9_5fLrfOYtyitL_l73-Iwwx7J-i6hsIxnDgw&oe=67000626,,,
https://scontent.fyvr3-1.fna.fbcdn.net/v/t15.5256-10/429881014_3641845206079703_3304301506743739275_n.jpg?stp=dst-jpg_p320x320&_nc_cat=108&ccb=1-7&_nc_sid=cb5bf7&_nc_ohc=ibDsPxf3zpcQ7kNvgHkKhkA&_nc_ht=scontent.fyvr3-1.fna&_nc_gid=ALtpMzx1KvC1BCNM71sLL48&oh=00_AYCo6hFph0FY-M8xjWR9MmCay1PdbOOAX4AJCSaCVNNKQw&oe=66FFF3A0,,,
https://scontent.fyvr3-1.fna.fbcdn.net/v/t39.30808-6/461501617_1059565222842400_8866306924306443362_n.jpg?stp=dst-jpg_p843x403&_nc_cat=111&ccb=1-7&_nc_sid=833d8c&_nc_ohc=rTHpfz5-nfsQ7kNvgHDf5QW&_nc_ht=scontent.fyvr3-1.fna&oh=00_AYBITB3gaFK5wyXozhz32P2ei1VBzMuo6NXHhynNhDnrSA&oe=66FFF396,,,
https://scontent.fyvr3-1.fna.fbcdn.net/v/t39.30808-6/461576415_1059426506189605_1124302540130954669_n.jpg?stp=dst-jpg_p526x296&_nc_cat=110&ccb=1-7&_nc_sid=833d8c&_nc_ohc=UnN8vJMVlYIQ7kNvgH4wjlc&_nc_ht=scontent.fyvr3-1.fna&_nc_gid=AWtCImJrNcJvQ7a9cJ_5mmf&oh=00_AYCRiEUlGLVjhGOT0oeER-ON7IZgpSVAcOlbjFIVmTx-PA&oe=66FFE6E8,,,
https://scontent.fyvr3-1.fna.fbcdn.net/v/t15.5256-10/431502891_1470182793533267_440186380731837255_n.jpg?stp=dst-jpg_p320x320&_nc_cat=106&ccb=1-7&_nc_sid=cb5bf7&_nc_ohc=VJx6P6qdZN0Q7kNvgHzSeXE&_nc_ht=scontent.fyvr3-1.fna&_nc_gid=ALtpMzx1KvC1BCNM71sLL48&oh=00_AYC2y0xoYYwXcgGMRNqdXoRLvRiLJYSyqNJd3yhJgNYvmw&oe=66FFF6E9,,,
https://scontent.fyvr3-1.fna.fbcdn.net/v/t39.30808-1/461163382_122104788992534927_5053238714851767199_n.jpg?stp=dst-jpg_s100x100&_nc_cat=100&ccb=1-7&_nc_sid=6738e8&_nc_ohc=nbPC53WGFqcQ7kNvgEafvpF&_nc_ht=scontent.fyvr3-1.fna&oh=00_AYBNoJ7pOAAjUUgnNgfFBsgOf7KDmS5dr_r2ZKmm6WesGw&oe=67001E87,,,
https://scontent.fyvr3-1.fna.fbcdn.net/v/t39.30808-6/359821359_748992640566328_3237266616811234293_n.jpg?stp=dst-jpg_fb50_s320x320&_nc_cat=109&ccb=1-7&_nc_sid=cc71e4&_nc_ohc=m7pADHofwtsQ7kNvgFbLVs0&_nc_ht=scontent.fyvr3-1.fna&_nc_gid=ALtpMzx1KvC1BCNM71sLL48&oh=00_AYAfYfIK-sUSUgqQX31XMc8CkGbfaOo9wkYgAyyMZvYmxQ&oe=66FFF418,,,
https://scontent.fyvr3-1.fna.fbcdn.net/v/t39.30808-6/461505766_1059426726189583_995478741885897219_n.jpg?stp=c0.57.786.786a_dst-jpg_s160x160&_nc_cat=106&ccb=1-7&_nc_sid=8a6525&_nc_ohc=j_ApkGcs8scQ7kNvgFe_q2l&_nc_ht=scontent.fyvr3-1.fna&_nc_gid=ALtpMzx1KvC1BCNM71sLL48&oh=00_AYAiSBtV_PkO53ATbnnp_27bbqRMjnNnY3jKBKxrdnuT-A&oe=670011C0,,,
https://scontent.fyvr3-1.fna.fbcdn.net/v/t39.30808-6/359821359_748992640566328_3237266616811234293_n.jpg?_nc_cat=109&ccb=1-7&_nc_sid=cc71e4&_nc_ohc=m7pADHofwtsQ7kNvgFbLVs0&_nc_ht=scontent.fyvr3-1.fna&_nc_gid=ALtpMzx1KvC1BCNM71sLL48&oh=00_AYA0gtf_HZNjGZZUiN662JcHUI3SnRsn-j1EmQDSZWlR6A&oe=66FFF418,,,
https://scontent.fyvr3-1.fna.fbcdn.net/v/t39.30808-6/461221614_1056163396515916_2894302347899804364_n.jpg?stp=c0.109.629.629a_dst-jpg_s160x160&_nc_cat=104&ccb=1-7&_nc_sid=8a6525&_nc_ohc=P5jBE5yETEUQ7kNvgGfvjJd&_nc_ht=scontent.fyvr3-1.fna&_nc_gid=ALtpMzx1KvC1BCNM71sLL48&oh=00_AYD_VEDuRHuebtf5VXsj0TMst7UbCJzKGHPlTIlNSdbjgQ&oe=66FFF978,,,
https://scontent.fyvr3-1.fna.fbcdn.net/v/t39.30808-6/461428355_1057920223006900_4827284065674804688_n.jpg?stp=c0.67.720.720a_dst-jpg_s160x160&_nc_cat=101&ccb=1-7&_nc_sid=8a6525&_nc_ohc=YjuX2GwXV8oQ7kNvgFesdXI&_nc_ht=scontent.fyvr3-1.fna&_nc_gid=ALtpMzx1KvC1BCNM71sLL48&oh=00_AYAFFdQY46npG9k8FvfXd-GHo-ujgriwa2dQH5M8RQliQw&oe=66FFEB29,,,
https://scontent.fyvr3-1.fna.fbcdn.net/v/t15.5256-10/429786055_277875101924995_6821153609265985348_n.jpg?stp=dst-jpg_p180x540&_nc_cat=107&ccb=1-7&_nc_sid=cb5bf7&_nc_ohc=clFHENQKp1YQ7kNvgEWyC3Y&_nc_ht=scontent.fyvr3-1.fna&_nc_gid=ALtpMzx1KvC1BCNM71sLL48&oh=00_AYCCYXmUXCGk3htPGJ8PiqVDRQNu7JxXzu08v3ViTOQEOw&oe=67001654,,,
https://scontent.fyvr3-1.fna.fbcdn.net/v/t39.30808-6/460962471_1055431023255820_4158718431717056787_n.jpg?stp=c0.60.720.720a_dst-jpg_s160x160&_nc_cat=105&ccb=1-7&_nc_sid=8a6525&_nc_ohc=9xZV1WlHyhEQ7kNvgEj5cQk&_nc_ht=scontent.fyvr3-1.fna&_nc_gid=ALtpMzx1KvC1BCNM71sLL48&oh=00_AYBAJfRXDzGWYt3UOMmEaQC10Npl_Ze3Gpfv07mwnw_XBg&oe=66FFF266,,,
